[{"id":"user-image-ebae7bcba5475ede8dcd65d1275d4c8b1777771c11901710eefe0c6497d908c19a1835f650887fe6bee9cf6c0512f06005165a9f90c82b6ad44315_1280.jpg","publicUrl":"np://user.desktop.nicepage.com/Site_43129560/images/ebae7bcba5475ede8dcd65d1275d4c8b1777771c11901710eefe0c6497d908c19a1835f650887fe6bee9cf6c0512f06005165a9f90c82b6ad44315_1280.jpg","size":176683,"hash":"vpiHSNws1lbyb/DvyBtRv+pS56I=","fileName":"ebae7bcba5475ede8dcd65d1275d4c8b1777771c11901710eefe0c6497d908c19a1835f650887fe6bee9cf6c0512f06005165a9f90c82b6ad44315_1280.jpg","name":"ebae7bcba5475ede8dcd65d1275d4c8b1777771c11901710eefe0c6497d908c19a1835f650887fe6bee9cf6c0512f06005165a9f90c82b6ad44315_1280","width":1280,"height":853,"thumbnail":{"url":"np://user.desktop.nicepage.com/Site_43129560/images/thumbnails/ebae7bcba5475ede8dcd65d1275d4c8b1777771c11901710eefe0c6497d908c19a1835f650887fe6bee9cf6c0512f06005165a9f90c82b6ad44315_1280.jpg","width":250,"height":167},"folderId":null,"originalUrl":"//images01.nicepagecdn.com/c461c07a441a5d220e8feb1a/ce7b12a617cd56d685984ee1/ga9652a7324ebae7bcba5475ede8dcd65d1275d4c8b1777771c11901710eefe0c6497d908c19a1835f650887fe6bee9cf6c0512f06005165a9f90c82b6ad44315_1280.jpg","usages":["422313018"]},{"id":"user-image-young-woman-standing-top-rock-sunset-si-chang-island_335224-921.jpg","publicUrl":"np://user.desktop.nicepage.com/Site_43129560/images/young-woman-standing-top-rock-sunset-si-chang-island_335224-921.jpg","size":224782,"hash":"2wM+CHJpAC3xC8UovIQpHszlCsI=","fileName":"young-woman-standing-top-rock-sunset-si-chang-island_335224-921.jpg","name":"young-woman-standing-top-rock-sunset-si-chang-island_335224-921","width":1380,"height":918,"thumbnail":{"url":"np://user.desktop.nicepage.com/Site_43129560/images/thumbnails/young-woman-standing-top-rock-sunset-si-chang-island_335224-921.jpg","width":250,"height":166},"folderId":null,"originalUrl":"https://assets.nicepagecdn.com/d2cc3eaa/1644434/images/young-woman-standing-top-rock-sunset-si-chang-island_335224-921.jpg","usages":["422313018"]},{"id":"user-image-vertical-shot-wooden-passage-ref.jpg","publicUrl":"np://user.desktop.nicepage.com/Site_43129560/images/vertical-shot-wooden-passage-ref.jpg","size":215246,"hash":"tprIti2IcZ5zhUkwk6SDQHsO8xo=","fileName":"vertical-shot-wooden-passage-ref.jpg","name":"vertical-shot-wooden-passage-ref","width":740,"height":1110,"thumbnail":{"url":"np://user.desktop.nicepage.com/Site_43129560/images/thumbnails/vertical-shot-wooden-passage-ref.jpg","width":167,"height":250},"folderId":null,"originalUrl":"https://assets.nicepagecdn.com/d2cc3eaa/1644434/images/vertical-shot-wooden-passage-ref.jpg","usages":["422313018"]},{"id":"user-image-6456.jpg","publicUrl":"np://user.desktop.nicepage.com/Site_43129560/images/6456.jpg","size":508637,"hash":"Mnr2brfS+NMzTvbh60NaeUwz0HQ=","fileName":"6456.jpg","name":"6456","width":1380,"height":920,"thumbnail":{"url":"np://user.desktop.nicepage.com/Site_43129560/images/thumbnails/6456.jpg","width":250,"height":167},"folderId":null,"originalUrl":"https://assets.nicepagecdn.com/d2cc3eaa/1644434/images/6456.jpg","usages":["422313018"]},{"id":"user-image-vertical-shot-river-surrounded-b.jpg","publicUrl":"np://user.desktop.nicepage.com/Site_43129560/images/vertical-shot-river-surrounded-b.jpg","size":300412,"hash":"m/FzgJEDOcBMqadioDJ/9aCQR9Y=","fileName":"vertical-shot-river-surrounded-b.jpg","name":"vertical-shot-river-surrounded-b","width":740,"height":1109,"thumbnail":{"url":"np://user.desktop.nicepage.com/Site_43129560/images/thumbnails/vertical-shot-river-surrounded-b.jpg","width":167,"height":250},"folderId":null,"originalUrl":"https://assets.nicepagecdn.com/d2cc3eaa/1644434/images/vertical-shot-river-surrounded-b.jpg","usages":["422313018"]},{"id":"user-image-beautiful-landscape-around-lake.jpg","publicUrl":"np://user.desktop.nicepage.com/Site_43129560/images/beautiful-landscape-around-lake.jpg","size":112329,"hash":"ER02b9P5jCe3AZCS3dMpFj3yQfY=","fileName":"beautiful-landscape-around-lake.jpg","name":"beautiful-landscape-around-lake","width":626,"height":417,"thumbnail":{"url":"np://user.desktop.nicepage.com/Site_43129560/images/thumbnails/beautiful-landscape-around-lake.jpg","width":250,"height":167},"folderId":null,"originalUrl":"https://assets.nicepagecdn.com/d2cc3eaa/1644434/images/beautiful-landscape-around-lake.jpg","usages":["422313018"]},{"id":"user-image-colorful-majestic-waterfall-nati.jpg","publicUrl":"np://user.desktop.nicepage.com/Site_43129560/images/colorful-majestic-waterfall-nati.jpg","size":521361,"hash":"f9EXj94FKym2ymrXCxAf/M2tJF4=","fileName":"colorful-majestic-waterfall-nati.jpg","name":"colorful-majestic-waterfall-nati","width":1380,"height":920,"thumbnail":{"url":"np://user.desktop.nicepage.com/Site_43129560/images/thumbnails/colorful-majestic-waterfall-nati.jpg","width":250,"height":167},"folderId":null,"originalUrl":"https://assets.nicepagecdn.com/d2cc3eaa/1644434/images/colorful-majestic-waterfall-nati.jpg","usages":["422313018"]},{"id":"user-image-tropical-outdoor-travel-natural.jpg","publicUrl":"np://user.desktop.nicepage.com/Site_43129560/images/tropical-outdoor-travel-natural.jpg","size":194542,"hash":"m9PNZ8LKm4ZxRquVlo2YOq4eU6c=","fileName":"tropical-outdoor-travel-natural.jpg","name":"tropical-outdoor-travel-natural","width":1380,"height":920,"thumbnail":{"url":"np://user.desktop.nicepage.com/Site_43129560/images/thumbnails/tropical-outdoor-travel-natural.jpg","width":250,"height":167},"folderId":null,"originalUrl":"https://assets.nicepagecdn.com/d2cc3eaa/1644434/images/tropical-outdoor-travel-natural.jpg","usages":["422313018"]},{"id":"user-image-wooden-bridge-koh-nangyuan-islan.jpg","publicUrl":"np://user.desktop.nicepage.com/Site_43129560/images/wooden-bridge-koh-nangyuan-islan.jpg","size":348368,"hash":"Vy4aDb2+2WZgFJ1BLiF/avuTxQg=","fileName":"wooden-bridge-koh-nangyuan-islan.jpg","name":"wooden-bridge-koh-nangyuan-islan","width":1380,"height":920,"thumbnail":{"url":"np://user.desktop.nicepage.com/Site_43129560/images/thumbnails/wooden-bridge-koh-nangyuan-islan.jpg","width":250,"height":167},"folderId":null,"originalUrl":"https://assets.nicepagecdn.com/d2cc3eaa/1644434/images/wooden-bridge-koh-nangyuan-islan.jpg","usages":["422313018"]},{"id":"user-image-cherry-blossoms-spring-chureito.jpg","publicUrl":"np://user.desktop.nicepage.com/Site_43129560/images/cherry-blossoms-spring-chureito.jpg","size":416834,"hash":"fPjMfhUWTY61W7Dd5pevfMzwDiE=","fileName":"cherry-blossoms-spring-chureito.jpg","name":"cherry-blossoms-spring-chureito","width":1380,"height":920,"thumbnail":{"url":"np://user.desktop.nicepage.com/Site_43129560/images/thumbnails/cherry-blossoms-spring-chureito.jpg","width":250,"height":167},"folderId":null,"originalUrl":"https://assets.nicepagecdn.com/d2cc3eaa/1644434/images/cherry-blossoms-spring-chureito.jpg","usages":["422313018"]},{"id":"user-image-aerial-view-doi-luang-chiang-dao-mountain.jpg","publicUrl":"np://user.desktop.nicepage.com/Site_43129560/images/aerial-view-doi-luang-chiang-dao-mountain.jpg","size":370910,"hash":"oHeMotXZokfXWcWvjspeZOObcH0=","fileName":"aerial-view-doi-luang-chiang-dao-mountain.jpg","name":"aerial-view-doi-luang-chiang-dao-mountain","width":900,"height":900,"thumbnail":{"url":"np://user.desktop.nicepage.com/Site_43129560/images/thumbnails/aerial-view-doi-luang-chiang-dao-mountain.jpg","width":250,"height":250},"folderId":null,"originalUrl":"https://assets.nicepagecdn.com/d2cc3eaa/1644434/images/aerial-view-doi-luang-chiang-dao-mountain.jpg","usages":["422313018"]},{"id":"user-image-456654.jpg","publicUrl":"np://user.desktop.nicepage.com/Site_43129560/images/456654.jpg","size":339783,"hash":"y7Fe/Thj/gDn2ARVFwmJay1oWa0=","fileName":"456654.jpg","name":"456654","width":1380,"height":918,"thumbnail":{"url":"np://user.desktop.nicepage.com/Site_43129560/images/thumbnails/456654.jpg","width":250,"height":166},"folderId":null,"originalUrl":"https://assets.nicepagecdn.com/d2cc3eaa/1644434/images/456654.jpg","usages":["422313018"]},{"id":"user-image-34534.jpg","publicUrl":"np://user.desktop.nicepage.com/Site_43129560/images/34534.jpg","size":202344,"hash":"RmoVIw12Zj9LE6e9ehdg1Mru4vM=","fileName":"34534.jpg","name":"34534","width":740,"height":876,"thumbnail":{"url":"np://user.desktop.nicepage.com/Site_43129560/images/thumbnails/34534.jpg","width":211,"height":250},"folderId":null,"originalUrl":"https://assets.nicepagecdn.com/d2cc3eaa/1644434/images/34534.jpg","usages":["422313018"]},{"id":"user-image-4564.jpg","publicUrl":"np://user.desktop.nicepage.com/Site_43129560/images/4564.jpg","size":290678,"hash":"sFAlZbXVUS/NSruJgy6S5RDzhww=","fileName":"4564.jpg","name":"4564","width":895,"height":876,"thumbnail":{"url":"np://user.desktop.nicepage.com/Site_43129560/images/thumbnails/4564.jpg","width":250,"height":245},"folderId":null,"originalUrl":"https://assets.nicepagecdn.com/d2cc3eaa/1644434/images/4564.jpg","usages":["422313018"]},{"id":"user-image-435234.jpg","publicUrl":"np://user.desktop.nicepage.com/Site_43129560/images/435234.jpg","size":340105,"hash":"DcHCaMczDXR5/yg+nNK1VzA7t4o=","fileName":"435234.jpg","name":"435234","width":895,"height":876,"thumbnail":{"url":"np://user.desktop.nicepage.com/Site_43129560/images/thumbnails/435234.jpg","width":250,"height":245},"folderId":null,"originalUrl":"https://assets.nicepagecdn.com/d2cc3eaa/1644434/images/435234.jpg","usages":["422313018"]},{"id":"user-image-2342.jpg","publicUrl":"np://user.desktop.nicepage.com/Site_43129560/images/2342.jpg","size":436879,"hash":"PQkT2VBxE3E7YlCuywrVETtR7OU=","fileName":"2342.jpg","name":"2342","width":895,"height":920,"thumbnail":{"url":"np://user.desktop.nicepage.com/Site_43129560/images/thumbnails/2342.jpg","width":243,"height":250},"folderId":null,"originalUrl":"https://assets.nicepagecdn.com/d2cc3eaa/1644434/images/2342.jpg","usages":["422313018"]},{"id":"user-image-34235.jpg","publicUrl":"np://user.desktop.nicepage.com/Site_43129560/images/34235.jpg","size":209482,"hash":"3KKjd3fTLl/eLGiTMHY1El+sJio=","fileName":"34235.jpg","name":"34235","width":895,"height":920,"thumbnail":{"url":"np://user.desktop.nicepage.com/Site_43129560/images/thumbnails/34235.jpg","width":243,"height":250},"folderId":null,"originalUrl":"https://assets.nicepagecdn.com/d2cc3eaa/1644434/images/34235.jpg","usages":["422313018"]},{"id":"user-image-drevilmcpfp_yellow.png","publicUrl":"np://user.desktop.nicepage.com/Site_43129560/images/drevilmcpfp_yellow.png","size":6696,"hash":"chkfD6ff/ls8lYcT7+Wq+xtR7ZE=","fileName":"drevilmcpfp_yellow.png","name":"drevilmcpfp_yellow","width":96,"height":96,"thumbnail":{"url":"np://user.desktop.nicepage.com/Site_43129560/images/thumbnails/drevilmcpfp_yellow.png","width":96,"height":96,"length":6696,"type":"png"},"folderId":null,"usages":["422313018"]}]