[{"id":19888701,"title":"Blog Template","order":1,"templateKey":"blog","customTemplate":false,"customTemplateFilename":null,"pageLinks":[],"dateCreated":"2023-10-19T05:01:55.640Z","dateUpdated":"2023-10-19T05:01:58.985Z","folderId":null,"pageName":"Blog Template","serverPageId":null,"sectionCount":1,"status":2,"backwardUrl":null},{"id":1909303562,"title":"Post Template","order":2,"templateKey":"post","customTemplate":false,"customTemplateFilename":null,"pageLinks":[],"dateCreated":"2023-10-19T05:01:56.061Z","dateUpdated":"2023-10-19T05:01:58.986Z","folderId":null,"pageName":"Post Template","serverPageId":null,"sectionCount":1,"status":2,"backwardUrl":null},{"id":298314911,"title":"Product List Template","order":3,"templateKey":"products","customTemplate":false,"customTemplateFilename":null,"pageLinks":[],"dateCreated":"2023-10-19T05:01:56.378Z","dateUpdated":"2023-10-19T05:01:58.986Z","folderId":null,"pageName":"Product List Template","serverPageId":null,"sectionCount":1,"status":2,"backwardUrl":null},{"id":132996507,"title":"Product Details Template","order":4,"templateKey":"product","customTemplate":false,"customTemplateFilename":null,"pageLinks":[],"dateCreated":"2023-10-19T05:01:56.710Z","dateUpdated":"2023-10-19T05:01:58.987Z","folderId":null,"pageName":"Product Details Template","serverPageId":null,"sectionCount":1,"status":2,"backwardUrl":null},{"id":2386818402,"title":"Shopping Cart Template","order":5,"templateKey":"cart","customTemplate":false,"customTemplateFilename":null,"pageLinks":[],"dateCreated":"2023-10-19T05:01:57.018Z","dateUpdated":"2023-10-19T05:01:58.987Z","folderId":null,"pageName":"Shopping Cart Template","serverPageId":null,"sectionCount":1,"status":2,"backwardUrl":null},{"id":89740777,"title":"Checkout Template","order":6,"templateKey":"checkout","customTemplate":false,"customTemplateFilename":null,"pageLinks":[],"dateCreated":"2023-10-19T05:01:57.425Z","dateUpdated":"2023-10-19T05:01:58.988Z","folderId":null,"pageName":"Checkout Template","serverPageId":null,"sectionCount":1,"status":2,"backwardUrl":null},{"id":2005006201,"title":"Login Template","order":7,"templateKey":"login","customTemplate":false,"customTemplateFilename":null,"pageLinks":[],"dateCreated":"2023-10-19T05:01:57.632Z","dateUpdated":"2023-10-19T05:01:58.988Z","folderId":null,"pageName":"Login Template","serverPageId":null,"sectionCount":1,"status":2,"backwardUrl":null},{"id":85720767,"title":"Page Password Template","order":8,"templateKey":"password","customTemplate":false,"customTemplateFilename":null,"pageLinks":[],"dateCreated":"2023-10-19T05:01:57.788Z","dateUpdated":"2023-10-19T05:01:58.988Z","folderId":null,"pageName":"Page Password Template","serverPageId":null,"sectionCount":1,"status":2,"backwardUrl":null},{"id":151368508,"title":"404 Not Found Template","order":9,"templateKey":"404","customTemplate":false,"customTemplateFilename":null,"pageLinks":[],"dateCreated":"2023-10-19T05:01:57.950Z","dateUpdated":"2023-10-19T05:01:58.988Z","folderId":null,"pageName":"404 Not Found Template","serverPageId":null,"sectionCount":1,"status":2,"backwardUrl":null},{"id":2501804639,"title":"Thank You Page Template","order":10,"templateKey":"ThankYou","customTemplate":false,"customTemplateFilename":null,"pageLinks":[],"dateCreated":"2023-10-19T05:01:58.092Z","dateUpdated":"2023-10-19T05:01:58.988Z","folderId":null,"pageName":"Thank You Page Template","serverPageId":null,"sectionCount":1,"status":2,"backwardUrl":null},{"id":297823420,"title":"About","order":100,"templateKey":null,"customTemplate":false,"customTemplateFilename":null,"pageLinks":[],"dateCreated":"2023-10-19T05:01:58.204Z","dateUpdated":"2023-10-19T05:01:58.989Z","folderId":null,"pageName":"About_297823420","serverPageId":null,"sectionCount":1,"status":2,"backwardUrl":null},{"id":191434526,"title":"Contact","order":101,"templateKey":null,"customTemplate":false,"customTemplateFilename":null,"pageLinks":[],"dateCreated":"2023-10-19T05:01:58.321Z","dateUpdated":"2023-10-19T05:01:58.989Z","folderId":null,"pageName":"Contact_191434526","serverPageId":null,"sectionCount":1,"status":2,"backwardUrl":null},{"id":422313018,"title":"Home","order":103,"templateKey":null,"customTemplate":false,"customTemplateFilename":null,"pageLinks":[],"dateCreated":"2023-10-19T06:03:43.826Z","dateUpdated":"2023-10-19T06:10:00.548Z","folderId":null,"pageName":"Home_422313018","serverPageId":null,"sectionCount":5,"status":2,"backwardUrl":null}]